0.37552268182177256,2.475807426685673,0.6663378732393234,0
0.5009937705880451,2.3688654545350794,0.3855568044203195,0
0.589717925813188,2.1505681751558448,0.054079567866276164,0
0.6169133857163075,1.9627213915907173,-0.1832038560819569,0
0.6048471037701888,1.7810818984314138,-0.3920061041998159,0
0.5602669362133638,1.611827215998972,-0.5789155845878542,0
0.4845046531192925,1.4520590261038744,-0.7531591847148976,0
0.3810351034334642,1.3011273028598753,-0.9122771768526301,0
0.24842385207581377,1.1566466804576954,-1.0594204347872398,0
0.08344413315562933,1.0173766134803652,-1.1938695090086036,0
-0.11492102916309166,0.8797741444016091,-1.3133487522859517,0
-0.3495396421825205,0.7382032557193757,-1.4154532252100953,0
-0.6182693033929024,0.5928010214613825,-1.493988609351561,0
-0.9228770472704125,0.4347073169616562,-1.5421781886329446,0
-1.2623898951050299,0.2560954097929244,-1.5500136473761466,0
-1.7162987387462865,-0.0009139006784811721,-1.4845979501309394,0
-2.0190487251263796,-0.1972245175830292,-1.3371654909400512,0
0.374534491759345,2.457236841295996,0.664423325292806,0
0.4442960865922676,2.388016871561997,0.3926339253701003,0
0.4802829268258669,2.1892664294382698,0.07178048068146836,0
0.47505041361379235,2.0097518972959247,-0.16104532273985764,0
0.44083775138403725,1.8353484180666955,-0.3635785608938795,0
0.38038456513389446,1.6689619415593269,-0.5451843665455596,0
0.29707755752017695,1.5109791596424749,-0.711909337475167,0
0.1918715695679393,1.358961554423208,-0.8671412623310236,0
0.05953583442807348,1.2137389527678661,-1.0100648142605824,0
-0.10112826054997659,1.0722381057220323,-1.1412053648146727,0
-0.2902991208866974,0.9314517859992213,-1.2587222879721434,0
-0.5079241481278249,0.7878625241597293,-1.360246107982818,0
-0.7557651594718493,0.639298246050219,-1.440403668204908,0
-1.0353086687553663,0.47630044725338294,-1.4933382665921542,0
-1.3476040546306018,0.2870626862729009,-1.5093154054615199,0
-1.7537860830616434,0.018688976987656713,-1.462910283122757,0
-2.017418695808105,-0.197313507327321,-1.3365897891218956,0
0.37457336990337947,2.45707630733089,0.6645355736199688,0
0.359362817055657,2.3934859800276826,0.43392402472020264,0
0.2950869423621604,2.207426725324526,0.1599586423154767,0
0.21934024162331894,2.0278651004719017,-0.04388774871578057,0
0.1319972861659383,1.8502398474395716,-0.2216637924976771,0
0.03931420165509,1.680966082087971,-0.3795998772649087,0
-0.061200578267476415,1.5199484209695258,-0.5266172146041184,0
-0.17076013468842274,1.3667218175285987,-0.6672314524359242,0
-0.2922481673446778,1.2202643823838413,-0.8004519566027145,0
-0.4386761355128625,1.0778497977148829,-0.9278237301623519,0
-0.6044622786338264,0.9388076881974965,-1.0488312060984608,0
-0.7882727228536922,0.7971306263315475,-1.1599725308343947,0
-0.9967579703295327,0.6459124954273258,-1.258086814101853,0
-1.2323056361935338,0.4773888533955159,-1.338729672167555,0
-1.492716456495983,0.280875179769508,-1.3922010487421848,0
-1.815386176600329,0.014548392579605067,-1.4041620126364387,0
-2.0177164128082823,-0.19726271541793972,-1.3364021403739514,0
0.3748933428369241,2.473221331356859,0.6662127753409604,0
0.27300551973379156,2.384630686271945,0.4960152184549768,0
0.11697314213214545,2.183477006129489,0.28138234336799234,0
-0.01774503088902723,1.990928776308362,0.11630982102300692,0
-0.1427991790071147,1.8001467539044864,-0.03081380746210757,0
-0.25741511967954667,1.620824215632114,-0.16452231117461866,0
-0.3663130677274833,1.4530057773691194,-0.29203476633153375,0
-0.4736514206693442,1.2963575865172459,-0.417232881008186,0
-0.5981769462807686,1.1493834485591385,-0.543687503387288,0
-0.7281592448491205,1.010513386158349,-0.6683104117252608,0
-0.8722500845893779,0.8756770383660613,-0.7910513443876873,0
-1.0317670468653546,0.7375572803001997,-0.9115426527098937,0
-1.2104170145652247,0.5922373846329002,-1.0287210188192188,0
-1.4104979511889408,0.42660324037076913,-1.1396236876201524,0
-1.626614797518432,0.2387273282078248,-1.2390347526578462,0
-1.8787453439387651,-0.008714165432499399,-1.325993567035918,0
-2.017400035249609,-0.19725888222001664,-1.3368246487371653,0
0.3745676447697036,2.458296534367887,0.6644481350261272,0
0.20378203369197886,2.3602977196490205,0.5642611954340587,0
-0.02299069311286277,2.12882105021319,0.4185432137340188,0
-0.1975033931729953,1.9157875003336393,0.30005825082368476,0
-0.35177707840284267,1.707443921088787,0.18772940524139303,0
-0.48438819155562896,1.5135946583733155,0.0800953107678903,0
-0.6047714456190628,1.334093304315089,-0.02899122682709697,0
-0.7272844589950954,1.1689414403819507,-0.1420849220664902,0
-0.8456860862600951,1.0174684188912124,-0.26102098136141655,0
-0.9681554761990898,0.8786630068812351,-0.3858584269021369,0
-1.0977871567232498,0.7430197444268651,-0.5139757667374222,0
-1.2372880862965348,0.6100780505394471,-0.6462346331007448,0
-1.3900431116923015,0.4741857329337555,-0.7839028039274879,0
-1.5592368009390092,0.3251698336508797,-0.928989762958592,0
-1.735286692394404,0.15867758719709318,-1.078090282898723,0
-1.929646644745512,-0.04814068998303062,-1.2449087216639838,0
-2.0194547226042374,-0.19738147692478283,-1.337006929419842,0
0.37464314555248396,2.4633194570907495,0.6648803628205074,0
0.15899575532697496,2.327131446197955,0.6331893864528343,0
-0.11150387310960223,2.055775020125643,0.5569284887310403,0
-0.31094744006837033,1.817266387587772,0.4841104527235377,0
-0.48271496505964717,1.586543671097084,0.4056897328940227,0
-0.6323946186007715,1.3729140476045003,0.3208372959660592,0
-0.7658533722900521,1.1783898878814536,0.22743083006026774,0
-0.8957083350847557,0.9988004536632936,0.12408267018069322,0
-1.0164112406488228,0.8393586333791161,0.010243448149360528,0
-1.135770719395131,0.6937591234821394,-0.11368746641240152,0
-1.25875980197115,0.5561822967033231,-0.24769380354981677,0
-1.3868679803684192,0.42923446209068256,-0.3928182092812871,0
-1.5214593215373635,0.30481395125301874,-0.5521773788125407,0
-1.6651485134196125,0.1820612048239645,-0.7317049709939168,0
-1.811869061896283,0.0530971655552177,-0.9283463570721644,0
-1.9649980851497237,-0.09986188102368779,-1.1696153384935888,0
-2.0174205611386014,-0.19738035248397143,-1.3363921114277308,0
0.3745752702979941,2.4591145081248755,0.6645165437073653,0
0.1421513314053623,2.290290161240742,0.6952628807035334,0
-0.14357627676701407,1.9771107112701078,0.679598618383881,0
-0.35378774092312265,1.7095342333343033,0.6442079272722098,0
-0.5343028090217138,1.453375359474389,0.5918771101156659,0
-0.6932549688890114,1.2171559693234748,0.5243287278539182,0
-0.8355468131861891,1.0035311134006122,0.441461388918046,0
-0.970204884799918,0.809280659317276,0.3431652015207792,0
-1.0937818642522654,0.6350898535056659,0.23028054320665625,0
-1.21433405738606,0.4841273824540335,0.10341018388970533,0
-1.335199222803134,0.3469757624126851,-0.037345794860408024,0
-1.4577231892082219,0.22384042240211705,-0.19348140221675478,0
-1.5840808829890505,0.11952733003175267,-0.36839310036651257,0
-1.7170181654957775,0.019716205703186725,-0.5718609517627254,0
-1.849084296550365,-0.06781466082547197,-0.8083664569066122,0
-1.9826994319918054,-0.15875521246050223,-1.109032697141991,0
-2.0190403433101363,-0.1973910212883505,-1.3366764961002613,0
0.37456872222930254,2.457765814719596,0.6645037178569706,0
0.1547667989727439,2.255907783580424,0.7436193176235731,0
-0.11898947592478817,1.9022791702147488,0.7721524222802536,0
-0.3215840299545659,1.608406182214152,0.7616689247812829,0
-0.5036787379523299,1.3290001358337185,0.7252894556873689,0
-0.666216406946426,1.072421342108884,0.6666762675118888,0
-0.8102454703086398,0.8407440003937251,0.5875464417848106,0
-0.9465133014022576,0.6316870408901063,0.4896920226669576,0
-1.076350245783346,0.4474928964854283,0.37454597478003665,0
-1.1999947361460548,0.285304724161141,0.2429194757855567,0
-1.322935308824918,0.1490571379230168,0.09513748359295843,0
-1.4479574959558257,0.03418232022374788,-0.06994786152349462,0
-1.5771821472139376,-0.05905717697848526,-0.2570033139957161,0
-1.711257432502706,-0.13211582201537533,-0.47399611887849985,0
-1.845577261057528,-0.18189000669393768,-0.7330185628077868,0
-1.9819286394412503,-0.2146681774958518,-1.070711454204002,0
-2.019020618757161,-0.19736994661737206,-1.3368944609592983,0
0.37455971559031487,2.457213150268161,0.6644211763945658,0
0.1940323351997907,2.2273317463510667,0.7709111840909779,0
-0.04140336893422711,1.8426832721479856,0.824147692440238,0
-0.22337130434562413,1.5273576196386023,0.8250140226310553,0
-0.3950074265064346,1.2303112523656219,0.7938515989681042,0
-0.551615237153008,0.9578440720323751,0.7359436776324078,0
-0.6994445872558872,0.710703575295209,0.6547877185969777,0
-0.8374701818625813,0.48912356464408296,0.5531948443157437,0
-0.9692528325147534,0.2955112352244355,0.4334216943688873,0
-1.1007722138774523,0.1322361706955457,0.29669806987100616,0
-1.2329234937758415,-0.006023909370754373,0.14333020686601528,0
-1.3677797398924383,-0.11404519705919461,-0.02723135546073104,0
-1.5074083038479322,-0.19721471259521525,-0.21977859678205816,0
-1.65508711454095,-0.2538035483046118,-0.4451878167455597,0
-1.8048175958416817,-0.275601412670751,-0.7100241150805305,0
-1.9640090087700603,-0.25936224707133976,-1.0590321105679295,0
-2.0189781582961213,-0.1973892072537133,-1.3371368623661788,0
0.3745460099937521,2.456989432875835,0.6640905935964954,0
0.25281003551288667,2.209006040797256,0.7742094497421884,0
0.07789879140583364,1.8050040703849326,0.8285845764145428,0
-0.06992057135889615,1.476992517517371,0.8272942196475366,0
-0.21786175221204526,1.1701660921487378,0.7913738792992604,0
-0.36182371151589354,0.8896399644197508,0.7276150737426929,0
-0.5044226068217597,0.6340517777374775,0.6401276281701028,0
-0.6448540575729992,0.4064598875254829,0.5323607245793126,0
-0.7858547396555627,0.2057237147337447,0.4067116812184149,0
-0.9275841545772973,0.036754638425757304,0.2652971023517565,0
-1.0736243961340577,-0.10303475333021415,0.10845089635077632,0
-1.2256209559584479,-0.2123682153547604,-0.06467393089031756,0
-1.386468526497671,-0.28853606653040054,-0.2580389160471791,0
-1.5575233635496912,-0.33076059157265225,-0.48234991130646304,0
-1.734570814693501,-0.3352136591522184,-0.741219370423923,0
-1.9320271736914816,-0.28896390579947784,-1.07660415143415,0
-2.018968700293243,-0.19742859305648677,-1.337132633367158,0
0.3745792551231129,2.459113300595991,0.6645164833103145,0
0.32298405509310596,2.2045212318342755,0.7524839999300476,0
0.223348042489233,1.7931890261790033,0.7845189469290638,0
0.12130584196230658,1.460882731971089,0.7669050484900769,0
0.006970967109528186,1.15257969188158,0.7169519207599715,0
-0.11528194852401873,0.8733909594202558,0.641212553641962,0
-0.2496077210381557,0.6185390017441591,0.544375318359062,0
-0.3906008749869437,0.39014490726035334,0.42910129084047516,0
-0.5391464348750928,0.18720775627414957,0.29815244355566267,0
-0.6934753759305219,0.013321562512186141,0.15347662286719538,0
-0.858678914440036,-0.12747427110039988,-0.007078090170295006,0
-1.0344709747408694,-0.23912821555537597,-0.1807316615475225,0
-1.2235218409117268,-0.31620958481380707,-0.37198067985968175,0
-1.4279943097732803,-0.3571335958202702,-0.58804919762262,0
-1.642411204311431,-0.35463256641221674,-0.8230196115016379,0
-1.890542469194097,-0.2974191811402246,-1.1198698462146077,0
-1.9959442714398916,-0.1977969323455666,-1.3343004482387808,0
0.37507476185302635,2.4748920443247266,0.6662807485213353,0
0.3948259270923503,2.2141117072427434,0.708184024174976,0
0.37431399812877003,1.8101842869923357,0.6959784666150332,0
0.32217253989206135,1.4819339186687652,0.6497880953993384,0
0.24457232199379497,1.1810523199248937,0.5782411121012545,0
0.14673973819645303,0.9110176368349946,0.4861856338294017,0
0.03180013516105115,0.6663750297951742,0.3771534227106635,0
-0.10408162810501444,0.4447160660227951,0.2539146745494831,0
-0.25444718050647847,0.24745198777104557,0.1154909205124526,0
-0.4237655612690071,0.07583268398483657,-0.0369010583477551,0
-0.6086946604224216,-0.06901885665057611,-0.19790866991546885,0
-0.8128896673685237,-0.18619558522502186,-0.37116369042141817,0
-1.0354384016372224,-0.2698418450062168,-0.5534269003243062,0
-1.2793852314213892,-0.319666187560458,-0.7459868657469072,0
-1.5385799863583827,-0.32653973056095703,-0.9472857075113791,0
-1.844895849750928,-0.2825324672024783,-1.184264181696895,0
-2.0194162518681886,-0.19732297911425714,-1.336506636824194,0
0.3745813460946189,2.459125893119452,0.6645158294113044,0
0.4587287811221678,2.2365435553534168,0.6458555132118758,0
0.5073085565619067,1.8555597921775744,0.5725894842064115,0
0.5016997507558693,1.5419447406945623,0.4895333062783142,0
0.46020011440859965,1.254865798279333,0.3907296413933241,0
0.38705775759580247,0.9985462860346009,0.2789087236615617,0
0.28797844556344276,0.7688193461750474,0.15703780670629916,0
0.1644064088195134,0.5611845280044696,0.023536170837381017,0
0.012904987223435223,0.37511763475123294,-0.1228960829413322,0
-0.16282718606052107,0.21035839407365836,-0.28001140756878234,0
-0.36636985507869413,0.06672917201406062,-0.4451291106491859,0
-0.5961284532650973,-0.05401777482395401,-0.6108490951352201,0
-0.8511397654512983,-0.15197280516019718,-0.7761859835622762,0
-1.1340884897483428,-0.2188167631739117,-0.9408923893348276,0
-1.4377389701706451,-0.2519714758238617,-1.0988826249481158,0
-1.8007103555487067,-0.24621428376101745,-1.261381294331438,0
-2.0190219936467013,-0.19727150011313205,-1.3371550335402036,0
0.37455090547449854,2.457565580921585,0.6646211913058705,0
0.5062107615246199,2.2695671160067676,0.5709644773811133,0
0.6052190599298541,1.9274735933575333,0.4264024965391827,0
0.6335549713643238,1.6388346833931715,0.30051623047637344,0
0.618612440733981,1.3714601392198604,0.17240735471908256,0
0.5670853808259803,1.132589588700002,0.04186188524649594,0
0.48185195526898755,0.9188346475834472,-0.09096846295308422,0
0.3663139567519544,0.7259628782148868,-0.23761866612420074,0
0.21718091686899463,0.5507766062302913,-0.3917815986733957,0
0.03872909066976116,0.3944352904627808,-0.5543057230243663,0
-0.17329411372865974,0.25488879659641117,-0.7133851025620801,0
-0.423615363927701,0.13034004834541543,-0.8697231841745984,0
-0.7037203369063948,0.022245259479776573,-1.017192073984948,0
-1.0160245319046897,-0.06806482676511524,-1.1500419690181531,0
-1.3524024737365878,-0.1373103385718579,-1.2592939648059946,0
-1.7609950342078378,-0.18933927951791035,-1.3416646194547146,0
-2.019061478828375,-0.19731871338047774,-1.3365734358527412,0
0.37464323778976316,2.4633195071947624,0.6648676170826827,0
0.5310041571144456,2.308688673214044,0.49031219880202226,0
0.6513034788323584,2.016936373703571,0.2696932808343589,0
0.6977547482180139,1.7643074119619804,0.09940263951327574,0
0.6980307799130989,1.5254361254189905,-0.05760185827406898,0
0.6583436264059487,1.3068805006175048,-0.20751868785845265,0
0.5833122901512455,1.1088572776009902,-0.36112354564376825,0
0.4727970017826348,0.9283396230988502,-0.5152370243878092,0
0.3276916205305101,0.764005795502545,-0.6765960227719926,0
0.14688977512215748,0.6149059881462295,-0.8325999938333396,0
-0.07029172292760688,0.47786323409245873,-0.9843557042489424,0
-0.32718930953773406,0.3510857558333129,-1.1254741229671752,0
-0.6172565302976583,0.23216920267038163,-1.2498879133111265,0
-0.9405450016928317,0.11809186374141391,-1.3475683894763861,0
-1.2911545703097373,0.009609103243402122,-1.4079633609402658,0
-1.7293425656892283,-0.11775439698335143,-1.415779734072275,0
-2.018632360554491,-0.19726022896491296,-1.336999795030962,0
0.3745361819065876,2.4583230910228306,0.664447651395352,0
0.5287567027987086,2.344458805570084,0.4206293865232216,0
0.6418524064619336,2.1007851877908688,0.12401924126450257,0
0.6839151135896034,1.892170970367568,-0.09230419409527282,0
0.6827961848571176,1.6919443482471301,-0.286618796903591,0
0.6437681306092272,1.5053844220856674,-0.46455860040352714,0
0.5702625791198558,1.331320841998312,-0.6328779062068589,0
0.46473908808053466,1.169340823747151,-0.7978346747260631,0
0.32582137539085104,1.0169510115199676,-0.9527008461955203,0
0.15099489250256243,0.8739505801448179,-1.0974513324079942,0
-0.058558950823255254,0.7346179153770042,-1.2304411461675624,0
-0.30735169606235907,0.5996106545553483,-1.3454148579944623,0
-0.58943133431368,0.46348494534899787,-1.4369893778380605,0
-0.9055523227174258,0.3197871070532947,-1.4982018900981406,0
-1.254182628773132,0.16372247738551982,-1.5182338395020052,0
-1.7111264300945899,-0.04632876350088421,-1.4681676646978172,0
-2.017348370279501,-0.19736444501635209,-1.3368356009881184,0
0.37501895467663593,2.478104238892018,0.6661108438171834,0
0.5009647726653563,2.3688012042367914,0.38552639719105886,0
0.589816589813869,2.1508741701658334,0.05406577757848077,0
0.616907423314504,1.962904367138274,-0.1833932501697334,0
0.6048308116748577,1.7808270993303776,-0.39163711516585364,0
0.5599592213684101,1.6110005566372465,-0.5789546793083803,0
0.48413416497367523,1.4520259645417573,-0.7531776662459827,0
0.38101470731820486,1.3011174584985503,-0.9125568345296787,0
0.24846692800565712,1.156652469577166,-1.0592231142902164,0
0.08340665540292086,1.0171727469258018,-1.1938763053231545,0
-0.1143919953738536,0.879784661438041,-1.3135475457121297,0
-0.34959597898198325,0.7388752133434187,-1.4149071834612967,0
-0.6182764490206877,0.5925166418433873,-1.4938399956469206,0
-0.9227724067819468,0.4346797726062881,-1.5419684832219187,0
-1.2623844213353728,0.2560131781081532,-1.5507229939706557,0
-1.7163784265657527,-0.0008829466935051631,-1.484598216138003,0
-2.0194547230042126,-0.1973814769270963,-1.3370069295578442,0
0.23039020316611786,-0.24528649640581543,2.8875551202363963,1
0.4845931935877241,-0.15930277975739815,2.6711161916201704,1
0.8077980219254656,-0.10580306499216176,2.256637982011812,1
1.0265618910491723,-0.08590299265894108,1.8880480910550401,1
1.2007891744846808,-0.08630212272394804,1.5052082397149922,1
1.3309686340000069,-0.10963379401306343,1.1145490516812198,1
1.4193077902497406,-0.14953760785779746,0.7197457311721773,1
1.4669415130834311,-0.20717818634681753,0.32932261119561806,1
1.4784540831164872,-0.28500072744987337,-0.044389304292345486,1
1.4593425838185643,-0.385843667035809,-0.3914552723324379,1
1.4158415242586293,-0.5075484162857139,-0.7153121587375288,1
1.3527072976651042,-0.6510343063957322,-1.0158550665426649,1
1.273093739130352,-0.817642776483605,-1.2964286705135932,1
1.1720249864999255,-1.0107137176576417,-1.5599980020657214,1
1.040647005494093,-1.2313717968595064,-1.8109926438658368,1
0.8363099055775108,-1.5222254191148814,-2.080457593786563,1
0.6457118709360498,-1.7431436336360546,-2.1912757864649834,1
0.23008163963344683,-0.24515205986265226,2.88756535676271,1
0.4251542228975408,-0.133490815869591,2.674678444693377,1
0.6851440837469365,-0.044778039117365186,2.2741256709290685,1
0.8710677056363411,-0.014627748797380385,1.9094206735656505,1
1.0217031573417015,-0.006753106707951381,1.5267999380839388,1
1.1376610337139228,-0.027277547258376077,1.1302672974558243,1
1.2155502548583934,-0.06757151480537947,0.7248653636647145,1
1.257694588971652,-0.1277514037066072,0.3200738936195285,1
1.2695867369450782,-0.21298998593477844,-0.06707098396190528,1
1.2565666651755594,-0.31941556558332135,-0.42082442577614465,1
1.2243730837871218,-0.44935869516009713,-0.7482744584378774,1
1.1824080751088497,-0.6024369471869448,-1.0510586482790925,1
1.1243777391392276,-0.7807104870493641,-1.331731490559065,1
1.05046343488843,-0.9844056082987226,-1.5945933016466103,1
0.9492063482948362,-1.2168878425418734,-1.839935943049935,1
0.793114503918246,-1.5120896709801757,-2.0918981371891103,1
0.6461367708065797,-1.743916340830338,-2.19126610047859,1
0.23003688304802136,-0.2441534979653035,2.88389529275146,1
0.32668253024357163,-0.12346602419739065,2.6835952339411033,1
0.4617639439541557,-0.018910162247629772,2.30357955620926,1
0.566044826148385,0.02707362193021018,1.939467451353174,1
0.6546043977052702,0.03559470525623587,1.558469575320386,1
0.7260354017485732,0.01639931975618902,1.1674287560403132,1
0.7777788533875228,-0.03070936853857839,0.7642275190146904,1
0.8079509243195874,-0.10716447143559482,0.35649157772601825,1
0.8204999415080799,-0.20265466197413315,-0.03467029349938998,1
0.8200015309395176,-0.3185785410656145,-0.39126312326630114,1
0.8146967981114503,-0.45639374563468105,-0.7241487544475999,1
0.8109057432622391,-0.6161012375829198,-1.0321168738784567,1
0.806983516135186,-0.8012522232725928,-1.3195014642903895,1
0.8006789626863074,-1.0142488991719052,-1.5934235075109742,1
0.7773244403626196,-1.248026955427718,-1.8469218818433877,1
0.7179258928289852,-1.5304574853802133,-2.094631688601731,1
0.6461233108408677,-1.7429940432477975,-2.1916462922028077,1
0.23036846520611523,-0.24458655408565128,2.883894375627537,1
0.2178166059128956,-0.1397661472724068,2.6930576508482567,1
0.23410611742478515,-0.05170923122625708,2.323799271655344,1
0.26156739597372236,-0.012910497038621559,1.967458859756045,1
0.2959136132398523,-0.013454296389425491,1.6023101583202715,1
0.3336679157357637,-0.04438794682878862,1.233992817832139,1
0.3658212280819694,-0.10434093666674814,0.854450791480683,1
0.3914225457970168,-0.20010442584528293,0.4646075408638987,1
0.4108874141565908,-0.31010108231052613,0.0766836191219152,1
0.42599291395057903,-0.4354587679499043,-0.2889293457804111,1
0.44194538844021874,-0.5758135086128309,-0.6315728413170193,1
0.4664328594039543,-0.7314618657204368,-0.9502506125847276,1
0.5021216382154727,-0.9061541158333801,-1.2502614043454428,1
0.5487221768094571,-1.104004184067288,-1.5408360533426757,1
0.596806753100474,-1.3203212812183782,-1.816017287583685,1
0.6346777730236646,-1.569558788932482,-2.082302762399384,1
0.645838128108131,-1.7439245353194452,-2.191246439691848,1
0.22918566511969543,-0.24482573950166622,2.88969638678087,1
0.13510513820036862,-0.18290747789007575,2.699316599056119,1
0.06444432682907585,-0.13159100584588632,2.3432517500396743,1
0.02119835148370113,-0.12371305604024317,2.00189110332769,1
0.0011290724753809714,-0.1403882639703862,1.6572639024970033,1
-0.007747037302613107,-0.19300365569280345,1.3148226053890117,1
-0.003395531065361608,-0.2719147101849274,0.9648241993634253,1
0.009770735498403746,-0.37737878364886795,0.6024883155022407,1
0.03452158685826073,-0.49938447492642696,0.2299014176006767,1
0.06683800496420313,-0.6338128024822688,-0.13821860588328821,1
0.10854551980011096,-0.775266029694052,-0.48669551512250997,1
0.16320202512416201,-0.9232473666020655,-0.8218591244423646,1
0.2351297076224431,-1.0805174956091799,-1.1452219769472942,1
0.32973889546736457,-1.2491465833171318,-1.4576968146807523,1
0.4386574843931499,-1.4263925386201408,-1.7594610777154116,1
0.5611306489439725,-1.6203056107214617,-2.0587151870294123,1
0.6458489941150168,-1.7438342844914472,-2.1915108488671318,1
0.23020715323516122,-0.24480447239859243,2.8824945911037854,1
0.08135444166093381,-0.2363267311077446,2.7064948319670976,1
-0.05278757429532278,-0.25497703601124894,2.364282694286246,1
-0.13728329715044107,-0.2821619793464224,2.038453757501651,1
-0.1952211861960273,-0.32746497813644637,1.711743980377851,1
-0.23324887237477868,-0.39624272680232775,1.390180770644781,1
-0.2535075540306353,-0.49011609040386345,1.065302722218589,1
-0.2550147169236236,-0.601878485285789,0.7308350244607951,1
-0.23662016604579122,-0.7307335270611289,0.38331335534701955,1
-0.19804289638547762,-0.8701092396129855,0.026061835941196414,1
-0.14026011626762014,-1.012380641669152,-0.3272790229662337,1
-0.061884208127222465,-1.151902011124771,-0.6761381532487607,1
0.04016765465520572,-1.289156208683719,-1.0186961435927355,1
0.1682769360648416,-1.4234779758357117,-1.3589164933373423,1
0.320873754189863,-1.5520128098952761,-1.6881895901190451,1
0.5054805819712944,-1.6776255254184878,-2.0275824119724732,1
0.646256346226346,-1.7439172331985398,-2.1912659619799966,1
0.22976075859949027,-0.24533967660278697,2.88389644063962,1
0.05497985789636457,-0.296345177205315,2.715470787883068,1
-0.09941688821801138,-0.38303681079651675,2.385085463959879,1
-0.204496705362808,-0.4579424892955298,2.0725943895793533,1
-0.2839493705835061,-0.535400956682468,1.7596738201165776,1
-0.34076222008364937,-0.6256603058302969,1.4529633403494753,1
-0.3763083146359582,-0.7271666402651182,1.145666300037395,1
-0.38942919895078715,-0.8432775093264988,0.8314488188100164,1
-0.3766623614379195,-0.9719380052787493,0.504424648624636,1
-0.3385791483622022,-1.1091059574781994,0.15862208176445478,1
-0.27333526704757,-1.246240332335801,-0.18922489248379343,1
-0.1837253505990985,-1.3765783097607776,-0.5396359196210773,1
-0.06488784203893272,-1.4943438424997377,-0.8959411302143637,1
0.08146009041527945,-1.5965545186980805,-1.2569903033156813,1
0.25269701519359433,-1.6787889877079762,-1.6134426288027894,1
0.4731073600236077,-1.7371818628104005,-1.9945929245778982,1
0.6461383170028739,-1.7439234707515823,-2.191246090657855,1
0.22944217085237606,-0.24525405351882812,2.8879042304364146,1
0.06352875376102347,-0.35451353131151003,2.721496245039997,1
-0.08532420806570334,-0.5067010782420835,2.403251400941612,1
-0.18659301086190785,-0.6269140706146057,2.100110522270391,1
-0.26669546341450956,-0.7377837503192172,1.796414096465979,1
-0.3266217694950156,-0.844266158745591,1.499445375624978,1
-0.3666673316369015,-0.9537976030176903,1.2032754479025165,1
-0.38558023713858036,-1.069935400977251,0.9022916469619079,1
-0.3803020710040949,-1.19447065829109,0.5906259549200961,1
-0.34754809678016774,-1.323848194411412,0.26303042058303633,1
-0.28693309397739897,-1.4526519987510247,-0.08013709571476543,1
-0.19673475561877016,-1.570326881688098,-0.4304176545434931,1
-0.07823542677588327,-1.6699979402052065,-0.7938627885708714,1
0.07067356044097882,-1.745311993758733,-1.1695936624796457,1
0.24250314667097503,-1.788873531698589,-1.5473959935254573,1
0.4662195945148292,-1.7898119087182423,-1.965303247225469,1
0.645852626951085,-1.7439181992204886,-2.1912664535396233,1
0.23040905133464665,-0.2447625761498381,2.8838942769113554,1
0.0989204722422299,-0.40081628837866495,2.7314716192595383,1
-0.012678050653782946,-0.6089215530899977,2.4155433273373643,1
-0.08927961706923826,-0.7662103466335589,2.117101441498419,1
-0.15220946079120046,-0.9034628933575428,1.8177633987732118,1
-0.20162073224453186,-1.0238870771938544,1.5257711426496308,1
-0.237010002958096,-1.1390872600396038,1.2352483060778245,1
-0.2569169107531045,-1.253836103979932,0.9413755170055362,1
-0.25598609598894073,-1.3724902112706583,0.6388214918882562,1
-0.2338541883849553,-1.4926762328620466,0.3225211145795294,1
-0.18336960103565467,-1.6100966278842714,-0.013394052938271448,1
-0.10615735278755599,-1.714406354773411,-0.3590397671695588,1
-0.001852487448883258,-1.7984038454266076,-0.723507498655642,1
0.13131894713760478,-1.853726861855041,-1.1067138301232924,1
0.284669419820064,-1.8694962271137123,-1.4988734333197118,1
0.4848303207878083,-1.8279100838070086,-1.942205094052181,1
0.6461224440181941,-1.7429945757526688,-2.19162124945267,1
0.2291909056448084,-0.24567990208765003,2.8835558435522457,1
0.1620823749350815,-0.4309994118764664,2.733385861395892,1
0.10704922722334977,-0.6754591052523062,2.4200746009976477,1
0.0739939326526344,-0.8576826732687702,2.1204249427419666,1
0.04253877065434044,-1.0100154733578903,1.8200990261439507,1
0.013482959332715939,-1.1387200825520543,1.527407869004329,1
-0.011444144918970457,-1.2564324042380557,1.2373935138863963,1
-0.028116948927935155,-1.3696757860429096,0.9455648718866342,1
-0.03399777206044212,-1.4812856204888654,0.6472399036191897,1
-0.021412761595241685,-1.5930262490211817,0.3364335635645165,1
0.012150014449676245,-1.7000023691042245,0.007577457925431923,1
0.06939442557379226,-1.7939080202305513,-0.3298846772202981,1
0.1501637832825473,-1.8681083947280614,-0.6906736017988891,1
0.25472542584266117,-1.910529317027575,-1.0751904828733687,1
0.3753949994652378,-1.91034547642458,-1.4746704966359032,1
0.5255709419500849,-1.8472770330091863,-1.9311297677549117,1
0.6461265108543968,-1.743293470553622,-2.191293603180759,1
0.23002633954641938,-0.2448333315298052,2.8875545260453612,1
0.23455431929140383,-0.44019059130204974,2.7363625579756174,1
0.2633134041199575,-0.6973753760160708,2.414903223442541,1
0.28267744892601676,-0.8864518351946592,2.1084793273230256,1
0.29084592989740937,-1.040821002250095,1.8010165813432903,1
0.28936525811223995,-1.169747255093196,1.501882332676806,1
0.28044102958345174,-1.2845757460906142,1.2070145776722845,1
0.2684593149160017,-1.3945275066922522,0.9124215197366878,1
0.2598376841164406,-1.5017979017923508,0.6139997604532689,1
0.26054991852687737,-1.6067667695454702,0.3056674882258706,1
0.27599025634815,-1.707520088613817,-0.01913366592127839,1
0.30870559210006937,-1.7962905033794312,-0.3477521103231283,1
0.3593804267697827,-1.866745549777215,-0.6989521424635114,1
0.4252376829328267,-1.9076855697384107,-1.0777773190491031,1
0.49954969955214035,-1.908341176654205,-1.477390605137719,1
0.582901264861542,-1.8442463879351962,-1.9323750365735728,1
0.645756411628256,-1.7438698445012222,-2.1914140948995913,1
0.22976094635488206,-0.24476276794426902,2.8838959576685004,1
0.3115303269401573,-0.4254716394906998,2.731836122375394,1
0.4285005035647377,-0.6714468769189496,2.4002636670157975,1
0.507536851475545,-0.8479097433783414,2.0818924026140624,1
0.5601137436164749,-0.9909257480276822,1.761555070850224,1
0.5890037744622894,-1.1098812235527673,1.4500748503904797,1
0.5986933947055059,-1.216552470622372,1.1447773473425957,1
0.5955941301720695,-1.319683070035773,0.8430543569381449,1
0.5867094994420676,-1.4216352897750795,0.5411532687034656,1
0.578265606528673,-1.523888592341529,0.23320502086743894,1
0.5762143492595603,-1.623329321934273,-0.08292786317500975,1
0.5838773424998471,-1.7151103531485243,-0.40637290538463755,1
0.5997245714916258,-1.7913768976552749,-0.746767023706361,1
0.621979484263321,-1.8427421267085904,-1.1144933142124038,1
0.6413759461746373,-1.8578708623264375,-1.505262262080562,1
0.649736538879004,-1.8196119434851976,-1.9461086037104447,1
0.6456828301055971,-1.743000146245755,-2.1912984629450296,1
0.22975360998004193,-0.24531519894789963,2.8875552414585766,1
0.38436398355529583,-0.3897950361557737,2.7273733333927472,1
0.58361968292804,-0.5968736475473377,2.3782229401408936,1
0.7187280499405675,-0.7456095955889358,2.0447349110906146,1
0.8140585070808802,-0.8652400242708849,1.7073714644636082,1
0.8724239905175876,-0.9663340454340046,1.3785604556385156,1
0.9015090766738755,-1.0604032031134327,1.057563905235082,1
0.9095509135246851,-1.1538485716152775,0.7432355297154226,1
0.9025510795168037,-1.2498228621365035,0.43374768645283757,1
0.8884502138768663,-1.350536873858823,0.12539020999515102,1
0.8711793205924181,-1.4534729543424267,-0.1875534657102829,1
0.8563179544881753,-1.5542390866937401,-0.5030923663294175,1
0.8415895911088124,-1.644744572759672,-0.8316037111291328,1
0.8203123260513383,-1.7185220791903224,-1.1847147986795867,1
0.7837072518492362,-1.7643860100907558,-1.5567973264777524,1
0.7160786903615827,-1.7731454537164997,-1.970846178647586,1
0.6461069017700924,-1.74378976125505,-2.1916077357629535,1
0.23036838407074794,-0.24485135174197517,2.8838945163080854,1
0.44546946368864326,-0.3353441817775388,2.7143520482337147,1
0.7120084851286591,-0.483831770729925,2.3515982487449327,1
0.8930061335586785,-0.5922633656458528,2.003065840264639,1
1.0233484276951703,-0.681842457456942,1.647193363190048,1
1.1077209932738934,-0.7612444834139125,1.2976487556542906,1
1.1561037161725929,-0.8382770781352636,0.9558878619300932,1
1.1742485900330297,-0.9212923355884384,0.6229353902370549,1
1.1708126785240904,-1.0123154217439685,0.2967589308285989,1
1.1524894807687929,-1.1119726230046705,-0.019415735609258446,1
1.1246565573074638,-1.2194704176075015,-0.3266036050616134,1
1.0922407271428136,-1.3308077733160215,-0.6311279648227707,1
1.0511740377063503,-1.4411858030072362,-0.9484614024616758,1
0.9946979173706866,-1.5441284345853896,-1.2851005413919243,1
0.9092424367161492,-1.633083480761247,-1.62956020966235,1
0.7744069873896535,-1.7094294501479594,-2.0038661672783844,1
0.6456816138314796,-1.7435007289090916,-2.191270986564519,1
0.2297606541446052,-0.24568350642187428,2.8838968579080135,1
0.48766724401371464,-0.2697489603869386,2.700143194408317,1
0.7986217549553295,-0.3434833479993271,2.320833156261651,1
1.009627351719977,-0.4053419567396315,1.9632664966872873,1
1.1672082383018547,-0.4632308277253124,1.592469358473938,1
1.2742832521409466,-0.5207223567350069,1.221813756125765,1
1.33955685694909,-0.5827388339246097,0.8566482632863647,1
1.3687762389316793,-0.6549320883800324,0.5004165582399138,1
1.3693040621779515,-0.7403908410804374,0.15745044715411147,1
1.3493004448673307,-0.8398807475640395,-0.16853493151666857,1
1.3127720573599682,-0.9515294061284696,-0.47623451178172754,1
1.2657538986618926,-1.074021047078313,-0.7816469906487693,1
1.2045398152721716,-1.2042812271128505,-1.089411780870305,1
1.1197495784986997,-1.338916798597009,-1.4020111115273204,1
1.0029427522976488,-1.477141743418123,-1.7110339045672076,1
0.8198539520370339,-1.6338539491953976,-2.036883244930162,1
0.6457115132149527,-1.7439194153097688,-2.1912666404233097,1
0.22974079647814086,-0.2451519871697644,2.8875646240267794,1
0.5033876016612849,-0.20561658038989525,2.681474826432256,1
0.8346625343589968,-0.1978767128996759,2.2809154660908546,1
1.0569700373093844,-0.20661303469180217,1.918537685338382,1
1.2313054477303933,-0.22804701761374543,1.5407683190818322,1
1.3579279609023571,-0.26197521955003145,1.1564335037491442,1
1.4406041073765186,-0.3065227678591817,0.7702047324350834,1
1.4832469270866346,-0.365952529758559,0.3896722138806034,1
1.4918419612294964,-0.44794285467300443,0.024669457800791345,1
1.4714022236289774,-0.5487795272218726,-0.31359609389262727,1
1.4289475272211933,-0.6665323744748163,-0.635731722966193,1
1.3680491860851347,-0.801651025810659,-0.9406035384005832,1
1.2888292623589641,-0.9543838835273663,-1.2317074041459928,1
1.1864712849974504,-1.127164522362791,-1.5095843968620326,1
1.0518176675418365,-1.3200445187168175,-1.7776447649395128,1
0.8425957107798189,-1.5632032488117726,-2.063881733725772,1
0.647118781828956,-1.7430046037313052,-2.1915239014106973,1
0.23020461393558175,-0.24476263100229861,2.883895073134299,1
0.48475809815976134,-0.15985264250292924,2.671094276225922,1
0.80779696157829,-0.10567183066450858,2.256648983678471,1
1.0261887144120319,-0.0856593464424047,1.8880716882777193,1
1.201404182320711,-0.08604748237683296,1.505248233954365,1
1.3309141823770463,-0.10964276030831428,1.114544486547352,1
1.4195710888239101,-0.14961160949146257,0.7197531531087875,1
1.4672960315748353,-0.2071734917492393,0.3292474246688721,1
1.4788792123309646,-0.2850116462387107,-0.04465402035581156,1
1.4593837042065447,-0.3860840192253229,-0.3911630584584499,1
1.4166030724868257,-0.5074193931540324,-0.7155808295173522,1
1.3538208017338849,-0.6510217087228687,-1.0159464851623248,1
1.2720519421404357,-0.8177235125583895,-1.296090166464911,1
1.1725926196577499,-1.0106987728971626,-1.5596585576440818,1
1.039713157331833,-1.231983768189222,-1.8113990365723376,1
0.8354375341268497,-1.5208374565737548,-2.0809514455324507,1
0.6461309114500868,-1.7429991017490334,-2.191257009506435,1